    {
    "providers": [
        {
            "type": "bitmap",
            "file": "minecraft:font/logo.png",
            "ascent": 90,
            "height": 140,
            "chars": [
                "\u03D8"
            ]
        },
        {
            "type": "bitmap",
            "file": "minecraft:font/logo.png",
            "ascent": 92,
            "height": 150,
            "chars": [
                "\u03F4"
            ]
        },
        {
            "ascent": 10,
            "chars": [
                "⠍"
            ],
            "file": "minecraft:font/time.png",
            "height": 12,
            "type": "bitmap"
        },
        {
            "ascent": 8,
            "chars": [
                "Ω"
            ],
            "file": "minecraft:font/player.png",
            "height": 10,
            "type": "bitmap"
        },
        {
            "ascent": 8,
            "chars": [
                "Ϛ"
            ],
            "file": "minecraft:font/crystal.png",
            "height": 10,
            "type": "bitmap"
        },
        {
            "ascent": 8,
            "chars": [
                "Ϡ"
            ],
            "file": "minecraft:font/chorus.png",
            "height": 10,
            "type": "bitmap"
        },
        {
            "ascent": 8,
            "chars": [
                "Θ"
            ],
            "file": "minecraft:font/overlord.png",
            "height": 10,
            "type": "bitmap"
        },
        {
            "ascent": 8,
            "chars": [
                "Ձ"
            ],
            "file": "minecraft:font/phantom.png",
            "height": 10,
            "type": "bitmap"
        },
        {
            "ascent": 8,
            "chars": [
                "؏"
            ],
            "file": "minecraft:font/king.png",
            "height": 10,
            "type": "bitmap"
        },
        {
            "ascent": 8,
            "chars": [
                "Ѽ"
            ],
            "file": "minecraft:font/rivendell.png",
            "height": 10,
            "type": "bitmap"
        },
        {
            "ascent": 8,
            "chars": [
                "Ѱ"
            ],
            "file": "minecraft:font/support.png",
            "height": 10,
            "type": "bitmap"
        },
        {
            "ascent": 8,
            "chars": [
                "Ա"
            ],
            "file": "minecraft:font/sesupport.png",
            "height": 10,
            "type": "bitmap"
        },
        {
            "ascent": 8,
            "chars": [
                "Ծ"
            ],
            "file": "minecraft:font/owner.png",
            "height": 10,
            "type": "bitmap"
        }
    ]
}
